id;project;connector_type;t;delta_t;url;redirect_url;response_size;response_code;success;error
0;test_call;requests;1565870190.916469;-0.13566088676452637;https://www.google.com;https://www.google.com/;13328;200;True;
1;google_trends;requests;1565870198.150792;-0.16646409034729004;https://trends.google.com/trends/api/widgetdata/multiline?hl=da&tz=-120&req={"time":"2004-01-01+2018-08-07","resolution":"MONTH","locale":"da","comparisonItem":[{"geo":{"country":"DK"},"complexKeywordsRestriction":{"keyword":[{"type":"BROAD","value":"HÃ¥ndbold"}]}},{"geo":{"country":"DK"},"complexKeywordsRestriction":{"keyword":[{"type":"BROAD","value":"Fodbold"}]}}],"requestOptions":{"property":"","backend":"IZG","category":0}}&token=APP6_UEAAAAAW2s2Bpioky7lfJMWt4LDyhLInpC0jFzC&tz=-120;https://trends.google.com/trends/api/widgetdata/multiline?hl=da&tz=-120&req=%7B%22time%22:%222004-01-01+2018-08-07%22,%22resolution%22:%22MONTH%22,%22locale%22:%22da%22,%22comparisonItem%22:[%7B%22geo%22:%7B%22country%22:%22DK%22%7D,%22complexKeywordsRestriction%22:%7B%22keyword%22:[%7B%22type%22:%22BROAD%22,%22value%22:%22H%C3%A5ndbold%22%7D]%7D%7D,%7B%22geo%22:%7B%22country%22:%22DK%22%7D,%22complexKeywordsRestriction%22:%7B%22keyword%22:[%7B%22type%22:%22BROAD%22,%22value%22:%22Fodbold%22%7D]%7D%7D],%22requestOptions%22:%7B%22property%22:%22%22,%22backend%22:%22IZG%22,%22category%22:0%7D%7D&token=APP6_UEAAAAAW2s2Bpioky7lfJMWt4LDyhLInpC0jFzC&tz=-120;1632;401;True;
0;test_call;requests;1565870276.3009799;-0.1361701488494873;https://www.google.com;https://www.google.com/;13355;200;True;
2;test_call;requests;1565870307.533227;-1.1358568668365479;https://www.google.com;https://www.google.com/;13388;200;True;
3;google_trends;requests;1565872443.138815;-0.7012951374053955;https://trends.google.dk/trends/api/widgetdata/multiline?hl=da&tz=-120&req=%7B%22time%22:%222004-01-01+2019-08-15%22,%22resolution%22:%22MONTH%22,%22locale%22:%22da%22,%22comparisonItem%22:%5B%7B%22geo%22:%7B%22country%22:%22US%22%7D,%22complexKeywordsRestriction%22:%7B%22keyword%22:%5B%7B%22type%22:%22BROAD%22,%22value%22:%22NBA%22%7D%5D%7D%7D,%7B%22geo%22:%7B%22country%22:%22US%22%7D,%22complexKeywordsRestriction%22:%7B%22keyword%22:%5B%7B%22type%22:%22BROAD%22,%22value%22:%22NFL%22%7D%5D%7D%7D%5D,%22requestOptions%22:%7B%22property%22:%22%22,%22backend%22:%22IZG%22,%22category%22:0%7D%7D&token=APP6_UEAAAAAXVah1s5ksgx_5PkVjQQ-mdfoFB66br0s&tz=-120;https://trends.google.dk/trends/api/widgetdata/multiline?hl=da&tz=-120&req=%7B%22time%22:%222004-01-01+2019-08-15%22,%22resolution%22:%22MONTH%22,%22locale%22:%22da%22,%22comparisonItem%22:%5B%7B%22geo%22:%7B%22country%22:%22US%22%7D,%22complexKeywordsRestriction%22:%7B%22keyword%22:%5B%7B%22type%22:%22BROAD%22,%22value%22:%22NBA%22%7D%5D%7D%7D,%7B%22geo%22:%7B%22country%22:%22US%22%7D,%22complexKeywordsRestriction%22:%7B%22keyword%22:%5B%7B%22type%22:%22BROAD%22,%22value%22:%22NFL%22%7D%5D%7D%7D%5D,%22requestOptions%22:%7B%22property%22:%22%22,%22backend%22:%22IZG%22,%22category%22:0%7D%7D&token=APP6_UEAAAAAXVah1s5ksgx_5PkVjQQ-mdfoFB66br0s&tz=-120;28662;200;True;
4;google_trends;requests;1565872467.422305;-0.07048487663269043;https://trends.google.dk/trends/api/widgetdata/multiline?hl=da&tz=-120&req=%7B%22time%22:%222004-01-01+2019-08-15%22,%22resolution%22:%22MONTH%22,%22locale%22:%22da%22,%22comparisonItem%22:%5B%7B%22geo%22:%7B%22country%22:%22US%22%7D,%22complexKeywordsRestriction%22:%7B%22keyword%22:%5B%7B%22type%22:%22BROAD%22,%22value%22:%22NBA%22%7D%5D%7D%7D,%7B%22geo%22:%7B%22country%22:%22US%22%7D,%22complexKeywordsRestriction%22:%7B%22keyword%22:%5B%7B%22type%22:%22BROAD%22,%22value%22:%22NFL%22%7D%5D%7D%7D%5D,%22requestOptions%22:%7B%22property%22:%22%22,%22backend%22:%22IZG%22,%22category%22:0%7D%7D&token=APP6_UEAAAAAXVah1s5ksgx_5PkVjQQ-mdfoFB66br0s&tz=-120;https://trends.google.dk/trends/api/widgetdata/multiline?hl=da&tz=-120&req=%7B%22time%22:%222004-01-01+2019-08-15%22,%22resolution%22:%22MONTH%22,%22locale%22:%22da%22,%22comparisonItem%22:%5B%7B%22geo%22:%7B%22country%22:%22US%22%7D,%22complexKeywordsRestriction%22:%7B%22keyword%22:%5B%7B%22type%22:%22BROAD%22,%22value%22:%22NBA%22%7D%5D%7D%7D,%7B%22geo%22:%7B%22country%22:%22US%22%7D,%22complexKeywordsRestriction%22:%7B%22keyword%22:%5B%7B%22type%22:%22BROAD%22,%22value%22:%22NFL%22%7D%5D%7D%7D%5D,%22requestOptions%22:%7B%22property%22:%22%22,%22backend%22:%22IZG%22,%22category%22:0%7D%7D&token=APP6_UEAAAAAXVah1s5ksgx_5PkVjQQ-mdfoFB66br0s&tz=-120;28662;200;True;
5;google_trends;requests;1565872512.893516;-0.07439589500427246;https://trends.google.dk/trends/api/widgetdata/multiline?hl=da&tz=-120&req=%7B%22time%22:%222004-01-01+2019-08-15%22,%22resolution%22:%22MONTH%22,%22locale%22:%22da%22,%22comparisonItem%22:%5B%7B%22geo%22:%7B%22country%22:%22US%22%7D,%22complexKeywordsRestriction%22:%7B%22keyword%22:%5B%7B%22type%22:%22BROAD%22,%22value%22:%22NBA%22%7D%5D%7D%7D,%7B%22geo%22:%7B%22country%22:%22US%22%7D,%22complexKeywordsRestriction%22:%7B%22keyword%22:%5B%7B%22type%22:%22BROAD%22,%22value%22:%22NFL%22%7D%5D%7D%7D%5D,%22requestOptions%22:%7B%22property%22:%22%22,%22backend%22:%22IZG%22,%22category%22:0%7D%7D&token=APP6_UEAAAAAXVah1s5ksgx_5PkVjQQ-mdfoFB66br0s&tz=-120;https://trends.google.dk/trends/api/widgetdata/multiline?hl=da&tz=-120&req=%7B%22time%22:%222004-01-01+2019-08-15%22,%22resolution%22:%22MONTH%22,%22locale%22:%22da%22,%22comparisonItem%22:%5B%7B%22geo%22:%7B%22country%22:%22US%22%7D,%22complexKeywordsRestriction%22:%7B%22keyword%22:%5B%7B%22type%22:%22BROAD%22,%22value%22:%22NBA%22%7D%5D%7D%7D,%7B%22geo%22:%7B%22country%22:%22US%22%7D,%22complexKeywordsRestriction%22:%7B%22keyword%22:%5B%7B%22type%22:%22BROAD%22,%22value%22:%22NFL%22%7D%5D%7D%7D%5D,%22requestOptions%22:%7B%22property%22:%22%22,%22backend%22:%22IZG%22,%22category%22:0%7D%7D&token=APP6_UEAAAAAXVah1s5ksgx_5PkVjQQ-mdfoFB66br0s&tz=-120;28662;200;True;
6;google_trends;requests;1565872593.072423;-0.08349204063415527;https://trends.google.dk/trends/api/widgetdata/multiline?hl=da&tz=-120&req=%7B%22time%22:%222004-01-01+2019-08-15%22,%22resolution%22:%22MONTH%22,%22locale%22:%22da%22,%22comparisonItem%22:%5B%7B%22geo%22:%7B%22country%22:%22US%22%7D,%22complexKeywordsRestriction%22:%7B%22keyword%22:%5B%7B%22type%22:%22BROAD%22,%22value%22:%22NBA%22%7D%5D%7D%7D,%7B%22geo%22:%7B%22country%22:%22US%22%7D,%22complexKeywordsRestriction%22:%7B%22keyword%22:%5B%7B%22type%22:%22BROAD%22,%22value%22:%22NFL%22%7D%5D%7D%7D%5D,%22requestOptions%22:%7B%22property%22:%22%22,%22backend%22:%22IZG%22,%22category%22:0%7D%7D&token=APP6_UEAAAAAXVah1s5ksgx_5PkVjQQ-mdfoFB66br0s&tz=-120;https://trends.google.dk/trends/api/widgetdata/multiline?hl=da&tz=-120&req=%7B%22time%22:%222004-01-01+2019-08-15%22,%22resolution%22:%22MONTH%22,%22locale%22:%22da%22,%22comparisonItem%22:%5B%7B%22geo%22:%7B%22country%22:%22US%22%7D,%22complexKeywordsRestriction%22:%7B%22keyword%22:%5B%7B%22type%22:%22BROAD%22,%22value%22:%22NBA%22%7D%5D%7D%7D,%7B%22geo%22:%7B%22country%22:%22US%22%7D,%22complexKeywordsRestriction%22:%7B%22keyword%22:%5B%7B%22type%22:%22BROAD%22,%22value%22:%22NFL%22%7D%5D%7D%7D%5D,%22requestOptions%22:%7B%22property%22:%22%22,%22backend%22:%22IZG%22,%22category%22:0%7D%7D&token=APP6_UEAAAAAXVah1s5ksgx_5PkVjQQ-mdfoFB66br0s&tz=-120;28654;200;True;
7;google_trends;requests;1565872618.5906718;-0.07571935653686523;https://trends.google.dk/trends/api/widgetdata/multiline?hl=da&tz=-120&req=%7B%22time%22:%222004-01-01+2019-08-15%22,%22resolution%22:%22MONTH%22,%22locale%22:%22da%22,%22comparisonItem%22:%5B%7B%22geo%22:%7B%22country%22:%22US%22%7D,%22complexKeywordsRestriction%22:%7B%22keyword%22:%5B%7B%22type%22:%22BROAD%22,%22value%22:%22NBA%22%7D%5D%7D%7D,%7B%22geo%22:%7B%22country%22:%22US%22%7D,%22complexKeywordsRestriction%22:%7B%22keyword%22:%5B%7B%22type%22:%22BROAD%22,%22value%22:%22NFL%22%7D%5D%7D%7D%5D,%22requestOptions%22:%7B%22property%22:%22%22,%22backend%22:%22IZG%22,%22category%22:0%7D%7D&token=APP6_UEAAAAAXVah1s5ksgx_5PkVjQQ-mdfoFB66br0s&tz=-120;https://trends.google.dk/trends/api/widgetdata/multiline?hl=da&tz=-120&req=%7B%22time%22:%222004-01-01+2019-08-15%22,%22resolution%22:%22MONTH%22,%22locale%22:%22da%22,%22comparisonItem%22:%5B%7B%22geo%22:%7B%22country%22:%22US%22%7D,%22complexKeywordsRestriction%22:%7B%22keyword%22:%5B%7B%22type%22:%22BROAD%22,%22value%22:%22NBA%22%7D%5D%7D%7D,%7B%22geo%22:%7B%22country%22:%22US%22%7D,%22complexKeywordsRestriction%22:%7B%22keyword%22:%5B%7B%22type%22:%22BROAD%22,%22value%22:%22NFL%22%7D%5D%7D%7D%5D,%22requestOptions%22:%7B%22property%22:%22%22,%22backend%22:%22IZG%22,%22category%22:0%7D%7D&token=APP6_UEAAAAAXVah1s5ksgx_5PkVjQQ-mdfoFB66br0s&tz=-120;28654;200;True;
8;google_trends;requests;1565872646.787211;-0.0665590763092041;https://trends.google.dk/trends/api/widgetdata/multiline?hl=da&tz=-120&req=%7B%22time%22:%222004-01-01+2019-08-15%22,%22resolution%22:%22MONTH%22,%22locale%22:%22da%22,%22comparisonItem%22:%5B%7B%22geo%22:%7B%22country%22:%22US%22%7D,%22complexKeywordsRestriction%22:%7B%22keyword%22:%5B%7B%22type%22:%22BROAD%22,%22value%22:%22NBA%22%7D%5D%7D%7D,%7B%22geo%22:%7B%22country%22:%22US%22%7D,%22complexKeywordsRestriction%22:%7B%22keyword%22:%5B%7B%22type%22:%22BROAD%22,%22value%22:%22NFL%22%7D%5D%7D%7D%5D,%22requestOptions%22:%7B%22property%22:%22%22,%22backend%22:%22IZG%22,%22category%22:0%7D%7D&token=APP6_UEAAAAAXVah1s5ksgx_5PkVjQQ-mdfoFB66br0s&tz=-120;https://trends.google.dk/trends/api/widgetdata/multiline?hl=da&tz=-120&req=%7B%22time%22:%222004-01-01+2019-08-15%22,%22resolution%22:%22MONTH%22,%22locale%22:%22da%22,%22comparisonItem%22:%5B%7B%22geo%22:%7B%22country%22:%22US%22%7D,%22complexKeywordsRestriction%22:%7B%22keyword%22:%5B%7B%22type%22:%22BROAD%22,%22value%22:%22NBA%22%7D%5D%7D%7D,%7B%22geo%22:%7B%22country%22:%22US%22%7D,%22complexKeywordsRestriction%22:%7B%22keyword%22:%5B%7B%22type%22:%22BROAD%22,%22value%22:%22NFL%22%7D%5D%7D%7D%5D,%22requestOptions%22:%7B%22property%22:%22%22,%22backend%22:%22IZG%22,%22category%22:0%7D%7D&token=APP6_UEAAAAAXVah1s5ksgx_5PkVjQQ-mdfoFB66br0s&tz=-120;28654;200;True;